{
  "GBN": {
    "avg_elapsed": 207.5885889530182,
    "avg_throughput": 709.0948531535834,
    "avg_bytes_received": 18400.0,
    "avg_retransmissions": 2151.0,
    "all_runs": [
      {
        "elapsed": 207.5885889530182,
        "throughput": 709.0948531535834,
        "bytes_received": 18400,
        "retransmissions": 2151
      }
    ]
  },
  "SR": {
    "avg_elapsed": 19.796200275421143,
    "avg_throughput": 7961.123741290662,
    "avg_bytes_received": 19700.0,
    "avg_retransmissions": 39.0,
    "all_runs": [
      {
        "elapsed": 19.796200275421143,
        "throughput": 7961.123741290662,
        "bytes_received": 19700,
        "retransmissions": 39
      }
    ]
  },
  "TCP-like": {
    "avg_elapsed": 152.62718796730042,
    "avg_throughput": 1043.06449014908,
    "avg_bytes_received": 19900.0,
    "avg_retransmissions": 43.0,
    "all_runs": [
      {
        "elapsed": 152.62718796730042,
        "throughput": 1043.06449014908,
        "bytes_received": 19900,
        "retransmissions": 43
      }
    ]
  }
}