{
  "GBN": {
    "avg_elapsed": 160.28554272651672,
    "avg_throughput": 988.236351860293,
    "avg_bytes_received": 19800.0,
    "avg_retransmissions": 735.0,
    "all_runs": [
      {
        "elapsed": 160.28554272651672,
        "throughput": 988.236351860293,
        "bytes_received": 19800,
        "retransmissions": 735
      }
    ]
  },
  "SR": {
    "avg_elapsed": 68.1671187877655,
    "avg_throughput": 2300.2292423153162,
    "avg_bytes_received": 19600.0,
    "avg_retransmissions": 155.0,
    "all_runs": [
      {
        "elapsed": 68.1671187877655,
        "throughput": 2300.2292423153162,
        "bytes_received": 19600,
        "retransmissions": 155
      }
    ]
  },
  "TCP-like": {
    "avg_elapsed": 472.6197371482849,
    "avg_throughput": 336.84585616459526,
    "avg_bytes_received": 19900.0,
    "avg_retransmissions": 162.0,
    "all_runs": [
      {
        "elapsed": 472.6197371482849,
        "throughput": 336.84585616459526,
        "bytes_received": 19900,
        "retransmissions": 162
      }
    ]
  }
}