{
  "GBN": {
    "avg_elapsed": 43.36724233627319,
    "avg_throughput": 3541.8438370826734,
    "avg_bytes_received": 19200.0,
    "avg_retransmissions": 1089.0,
    "all_runs": [
      {
        "elapsed": 43.36724233627319,
        "throughput": 3541.8438370826734,
        "bytes_received": 19200,
        "retransmissions": 1089
      }
    ]
  },
  "SR": {
    "avg_elapsed": 8.209264755249023,
    "avg_throughput": 19295.272441873512,
    "avg_bytes_received": 19800.0,
    "avg_retransmissions": 81.0,
    "all_runs": [
      {
        "elapsed": 8.209264755249023,
        "throughput": 19295.272441873512,
        "bytes_received": 19800,
        "retransmissions": 81
      }
    ]
  },
  "TCP-like": {
    "avg_elapsed": 54.17384147644043,
    "avg_throughput": 2938.687670307342,
    "avg_bytes_received": 19900.0,
    "avg_retransmissions": 84.0,
    "all_runs": [
      {
        "elapsed": 54.17384147644043,
        "throughput": 2938.687670307342,
        "bytes_received": 19900,
        "retransmissions": 84
      }
    ]
  }
}