{
  "GBN": {
    "avg_elapsed": 34.423558473587036,
    "avg_throughput": 4578.259976257987,
    "avg_bytes_received": 19700.0,
    "avg_retransmissions": 495.0,
    "all_runs": [
      {
        "elapsed": 34.423558473587036,
        "throughput": 4578.259976257987,
        "bytes_received": 19700,
        "retransmissions": 495
      }
    ]
  },
  "SR": {
    "avg_elapsed": 5.7783708572387695,
    "avg_throughput": 27274.123432657303,
    "avg_bytes_received": 19700.0,
    "avg_retransmissions": 22.0,
    "all_runs": [
      {
        "elapsed": 5.7783708572387695,
        "throughput": 27274.123432657303,
        "bytes_received": 19700,
        "retransmissions": 22
      }
    ]
  },
  "TCP-like": {
    "avg_elapsed": 15.753533124923706,
    "avg_throughput": 10105.669549653549,
    "avg_bytes_received": 19900.0,
    "avg_retransmissions": 24.0,
    "all_runs": [
      {
        "elapsed": 15.753533124923706,
        "throughput": 10105.669549653549,
        "bytes_received": 19900,
        "retransmissions": 24
      }
    ]
  }
}